{"timers": {"training_iteration": 14.487746489122125, "restore_env_runners": 3.0127203648197933e-05, "training_step": 14.487415739043492, "env_runner_sampling_timer": 11.059101672980276, "learner_update_timer": 3.421473559384355, "synch_weights": 0.004326222527849419, "synch_env_connectors": 0.006724110085992133}, "env_runners": {"module_to_env_connector": {"timers": {"connectors": {"un_batch_to_individual_items": 4.9969003451105154e-05, "remove_single_ts_time_rank_from_batch": 4.783093758238939e-06, "listify_data_for_vector_env": 1.924589305932103e-05, "get_actions": 0.0005731976729748147, "tensor_to_numpy": 0.0001701098983426819, "normalize_and_clip_actions": 8.184208094247198e-05, "module_to_agent_unmapping": 1.158541750514884e-05}}, "connector_pipeline_timer": 0.0011024742974590062}, "num_env_steps_sampled_lifetime": 1064960, "episode_return_mean": 44.96153846153846, "timers": {"connectors": {"add_states_from_episodes_to_batch": 1.3665875144397432e-05, "add_time_dim_to_batch_and_zero_pad": 3.3073249937842775e-05, "batch_individual_items": 6.406712509487988e-05, "agent_to_module_mapping": 1.3920874948780693e-05, "numpy_to_tensor": 0.00028857525001058093, "add_observations_from_episodes_to_batch": 7.045962502161274e-05}}, "agent_steps": {"archer_0": 998.3557692307693}, "rlmodule_inference_timer": 0.0007381743991597449, "num_episodes_lifetime": 2136, "num_module_steps_sampled": {"archer_0": 16384}, "env_to_module_connector": {"timers": {"connectors": {"agent_to_module_mapping": 1.4642569338346421e-05, "numpy_to_tensor": 0.00017848681388492034, "add_observations_from_episodes_to_batch": 5.920565616152692e-05, "add_states_from_episodes_to_batch": 1.0988528690110515e-05, "add_time_dim_to_batch_and_zero_pad": 2.6796856618571455e-05, "batch_individual_items": 5.664521049304078e-05}}, "connector_pipeline_timer": 0.0004916866231743181}, "weights_seq_no": 64.0, "episode_len_max": 1001, "sample": 10.733984990130788, "connector_pipeline_timer": 0.0008292073753182194, "num_episodes": 16, "env_to_module_sum_episodes_length_out": 445.75063723679335, "episode_len_mean": 998.3557692307693, "episode_return_min": 40.0, "agent_episode_returns_mean": {"archer_0": 44.96153846153846}, "num_agent_steps_sampled": {"archer_0": 16384}, "episode_duration_sec_mean": 5.581688244500058, "episode_len_min": 946, "env_reset_timer": 0.005945843625113412, "num_env_steps_sampled": 16384, "env_step_timer": 0.0030540577391685382, "num_module_steps_sampled_lifetime": {"archer_0": 1064960}, "module_episode_returns_mean": {"archer_0": 44.96153846153846}, "episode_return_max": 48.0, "num_agent_steps_sampled_lifetime": {"archer_0": 1064960}, "env_to_module_sum_episodes_length_in": 445.75063723679335, "time_between_sampling": 3.5444461437822206, "num_env_steps_sampled_lifetime_throughput": 1064.5330254109024}, "learners": {"__all_modules__": {"learner_connector": {"timers": {"connectors": {"agent_to_module_mapping": 0.011249177733763382, "numpy_to_tensor": 0.006199168145467923, "add_observations_from_episodes_to_batch": 0.0008638148626472108, "add_time_dim_to_batch_and_zero_pad": 3.2710723345189183e-05, "add_states_from_episodes_to_batch": 9.566218041686221e-06, "add_columns_from_episodes_to_train_batch": 0.2389927167280051, "add_one_ts_to_episodes_and_truncate": 0.023512260860236486, "general_advantage_estimation": 0.06090059623267086, "batch_individual_items": 0.28214809853789496}}, "connector_pipeline_timer": 0.6243396230727826}, "num_module_steps_trained_lifetime": 8557568, "num_env_steps_trained_lifetime": 273842176, "learner_connector_sum_episodes_length_out": 16384.0, "num_module_steps_trained": 131584, "num_trainable_parameters": 153479.0, "num_env_steps_trained": 4210688, "num_non_trainable_parameters": 0.0, "learner_connector_sum_episodes_length_in": 16384.0, "num_env_steps_trained_lifetime_throughput": 0.0}, "archer_0": {"curr_entropy_coeff": 0.02, "default_optimizer_learning_rate": 0.0002, "module_train_batch_size_mean": 512.0, "mean_kl_loss": 0.009637688286602497, "vf_loss_unclipped": 1.2122771739959717, "vf_explained_var": 0.22544920444488525, "num_module_steps_trained_lifetime": 8557568, "policy_loss": -0.0020719636231660843, "entropy": 1.3996063470840454, "total_loss": 0.40454694628715515, "diff_num_grad_updates_vs_sampler_policy": 1.0, "num_module_steps_trained": 131584, "gradients_default_optimizer_global_norm": 1.098280906677246, "num_trainable_parameters": 153479.0, "vf_loss": 0.5432600378990173, "curr_kl_coeff": 0.0003124999930150807, "weights_seq_no": 65.0}}, "num_training_step_calls_per_iteration": 1, "num_env_steps_sampled_lifetime": 1064960, "fault_tolerance": {"num_healthy_workers": 8, "num_remote_worker_restarts": 0}, "env_runner_group": {"actor_manager_num_outstanding_async_reqs": 0}, "num_env_steps_sampled_lifetime_throughput": 1064.5330254109024, "done": false, "training_iteration": 65, "trial_id": "default", "date": "2025-05-10_21-32-18", "timestamp": 1746905538, "time_this_iter_s": 15.353864908218384, "time_total_s": 1033.4428265094757, "pid": 21660, "hostname": "Hcastanos", "node_ip": "172.31.38.236", "config": {"exploration_config": {}, "extra_python_environs_for_driver": {}, "extra_python_environs_for_worker": {}, "placement_strategy": "PACK", "num_gpus": 0, "_fake_gpus": false, "num_cpus_for_main_process": 1, "eager_tracing": true, "eager_max_retraces": 20, "tf_session_args": {"intra_op_parallelism_threads": 2, "inter_op_parallelism_threads": 2, "gpu_options": {"allow_growth": true}, "log_device_placement": false, "device_count": {"CPU": 1}, "allow_soft_placement": true}, "local_tf_session_args": {"intra_op_parallelism_threads": 8, "inter_op_parallelism_threads": 8}, "torch_compile_learner": false, "torch_compile_learner_what_to_compile": "forward_train", "torch_compile_learner_dynamo_backend": "inductor", "torch_compile_learner_dynamo_mode": null, "torch_compile_worker": false, "torch_compile_worker_dynamo_backend": "onnxrt", "torch_compile_worker_dynamo_mode": null, "torch_ddp_kwargs": {}, "torch_skip_nan_gradients": false, "env": "knights_archers_zombies_v10", "env_config": {}, "observation_space": null, "action_space": null, "clip_rewards": null, "normalize_actions": true, "clip_actions": false, "_is_atari": null, "disable_env_checking": true, "render_env": false, "action_mask_key": "action_mask", "env_runner_cls": null, "num_env_runners": 8, "create_local_env_runner": true, "num_envs_per_env_runner": 1, "gym_env_vectorize_mode": "SYNC", "num_cpus_per_env_runner": 1, "num_gpus_per_env_runner": 0, "custom_resources_per_env_runner": {}, "validate_env_runners_after_construction": true, "episodes_to_numpy": true, "max_requests_in_flight_per_env_runner": 1, "sample_timeout_s": 60.0, "_env_to_module_connector": null, "add_default_connectors_to_env_to_module_pipeline": true, "_module_to_env_connector": null, "add_default_connectors_to_module_to_env_pipeline": true, "merge_env_runner_states": "training_only", "broadcast_env_runner_states": true, "episode_lookback_horizon": 1, "rollout_fragment_length": "auto", "batch_mode": "truncate_episodes", "compress_observations": false, "remote_worker_envs": false, "remote_env_batch_wait_ms": 0, "enable_tf1_exec_eagerly": false, "sample_collector": "<class 'ray.rllib.evaluation.collectors.simple_list_collector.SimpleListCollector'>", "preprocessor_pref": "deepmind", "observation_filter": "NoFilter", "update_worker_filter_stats": true, "use_worker_filter_stats": true, "sampler_perf_stats_ema_coef": null, "num_learners": 0, "num_gpus_per_learner": 0, "num_cpus_per_learner": "auto", "num_aggregator_actors_per_learner": 0, "max_requests_in_flight_per_aggregator_actor": 3, "local_gpu_idx": 0, "max_requests_in_flight_per_learner": 3, "gamma": 0.995, "lr": 0.0002, "grad_clip": null, "grad_clip_by": "global_norm", "_train_batch_size_per_learner": null, "train_batch_size": 16384, "num_epochs": 8, "minibatch_size": 512, "shuffle_batch_per_epoch": true, "model": {"fcnet_hiddens": [256, 256], "fcnet_activation": "tanh",